,Title,Normalized_Show_Name,Total Posts (2024),Total Comments (2024)
0,"Ada Twist, Scientist: Season 4",ada twist scientist,0,0
1,Agent Elvis: Season 1,agent elvis,0,0
2,Bake Squad: Season 2,bake squad,0,0
3,Bling Empire: New York: Season 1,bling empire new york,1,8
4,Copenhagen Cowboy: Season 1,copenhagen cowboy,0,0
5,Dance 100: Season 1,dance 100,3,112
6,Emergency: NYC: Season 1,emergency nyc,0,0
7,Freeridge: Season 1,freeridge,0,0
8,Glamorous: Season 1,glamorous,4,111
9,Invisible City: Season 2 // Cidade Invisível: Temporada 2,invisible city,0,0
10,Lockwood & Co.: Season 1,lockwood  co,10,508
11,My Dad the Bounty Hunter: Season 1,my dad the bounty hunter,0,0
12,Next in Fashion: Season 2,next in fashion,1,34
13,Oddballs: Season 2,oddballs,3,223
14,Pressure Cooker: Season 1,pressure cooker,3,157
15,Ridley Jones: Season 5,ridley jones,0,0
16,Sex/Life: Season 2,sexlife,0,0
17,Shadow and Bone: Season 2,shadow and bone,8,583
18,Welcome to Eden: Season 2 // Bienvenidos a Edén: Temporada 2,welcome to eden,0,0
19,Wellmania: Season 1,wellmania,0,0
